iso_code,continent,location,date,total_cases,new_cases,total_deaths,new_deaths,total_cases_per_million,new_cases_per_million,total_deaths_per_million,new_deaths_per_million,total_tests,new_tests,total_tests_per_thousand,new_tests_per_thousand,new_tests_smoothed,new_tests_smoothed_per_thousand,tests_units,stringency_index,population,population_density,median_age,aged_65_older,aged_70_older,gdp_per_capita,extreme_poverty,cvd_death_rate,diabetes_prevalence,female_smokers,male_smokers,handwashing_facilities,hospital_beds_per_thousand
AFG,Asia,Afghanistan,2020-06-11,22143,684,405,21,568.814,17.571,10.404,0.539,,,,,,,,,38928341.0,54.422,18.6,2.581,1.337,1803.987,,597.029,9.59,,,37.746,0.5
ALB,Europe,Albania,2020-06-11,1341,42,34,0,465.981,14.594,11.815,0.0,,,,,,,,,2877800.0,104.871,38.0,13.188,8.643,11803.431,1.1,304.195,10.08,7.1,51.2,,2.89
DZA,Africa,Algeria,2020-06-11,10484,102,732,8,239.082,2.326,16.693,0.182,,,,,,,,86.57,43851043.0,17.348,29.1,6.211,3.857,13913.839,0.5,278.364,6.73,0.7,30.4,83.741,1.9
AND,Europe,Andorra,2020-06-11,852,0,51,0,11026.985,0.0,660.066,0.0,,,,,,,,,77265.0,163.755,,,,,,109.135,7.97,29.0,37.8,,
AGO,Africa,Angola,2020-06-11,113,17,4,0,3.438,0.517,0.122,0.0,,,,,,,,,32866268.0,23.89,16.8,2.405,1.362,5819.495,,276.045,3.94,,,26.664,
AIA,North America,Anguilla,2020-06-11,3,0,0,0,199.973,0.0,0.0,0.0,,,,,,,,,15002.0,,,,,,,,,,,,
ATG,North America,Antigua and Barbuda,2020-06-11,26,0,3,0,265.501,0.0,30.635,0.0,,,,,,,,,97928.0,231.845,32.1,6.933,4.631,21490.943,,191.511,13.17,,,,3.8
ARG,South America,Argentina,2020-06-11,25987,1239,735,18,574.987,27.414,16.263,0.398,,,,,,,,,45195777.0,16.177,31.9,11.198,7.441,18933.907,0.6,191.032,5.5,16.2,27.7,,5.0
ARM,Asia,Armenia,2020-06-11,14103,428,227,10,4759.327,144.437,76.605,3.375,,,,,,,,,2963234.0,102.931,35.7,11.232,7.571,8787.58,1.8,341.01,7.11,1.5,52.1,94.043,4.2
ABW,North America,Aruba,2020-06-11,101,0,3,0,945.994,0.0,28.099,0.0,,,,,,,,,106766.0,584.8,41.2,13.085,7.452,35973.781,,,11.62,,,,
AUS,Oceania,Australia,2020-06-11,7276,9,102,0,285.335,0.353,4.0,0.0,1711223.0,31269.0,67.107,1.226,23556.0,0.924,tests performed,,25499881.0,3.202,37.9,15.504,10.129,44648.71,0.5,107.791,5.07,13.0,16.5,,3.84
AUT,Europe,Austria,2020-06-11,16936,34,673,1,1880.441,3.775,74.725,0.111,512501.0,6157.0,56.904,0.684,5862.0,0.651,tests performed,,9006400.0,106.749,44.4,19.202,13.748,45436.686,0.7,145.183,6.35,28.4,30.9,,7.37
AZE,Asia,Azerbaijan,2020-06-11,8530,339,102,4,841.291,33.435,10.06,0.395,,,,,,,,,10139175.0,119.309,32.4,6.018,3.871,15847.419,,559.812,7.11,0.3,42.5,83.241,4.7
BHS,North America,Bahamas,2020-06-11,103,0,11,0,261.921,0.0,27.972,0.0,,,,,,,,,393248.0,39.497,34.3,8.996,5.2,27717.847,,235.954,13.17,3.1,20.4,,2.9
BHR,Asia,Bahrain,2020-06-11,16200,0,31,2,9520.546,0.0,18.218,1.175,393910.0,7776.0,231.496,4.57,6939.0,4.078,units unclear,75.0,1701583.0,1935.907,32.4,2.372,1.387,43290.705,,151.689,16.52,5.8,37.6,,2.0
BGD,Asia,Bangladesh,2020-06-11,74865,3190,1012,37,454.583,19.37,6.145,0.225,457332.0,15772.0,2.777,0.096,14151.0,0.086,samples tested,,164689383.0,1265.036,27.5,5.098,3.262,3523.984,14.8,298.003,8.38,1.0,44.7,34.808,0.8
BRB,North America,Barbados,2020-06-11,96,4,7,0,334.063,13.919,24.359,0.0,,,,,,,,,287371.0,664.463,39.8,14.952,9.473,16978.068,,170.05,13.57,1.9,14.5,88.469,5.8
BLR,Europe,Belarus,2020-06-11,51066,801,288,6,5404.198,84.768,30.478,0.635,,,,,,,,,9449321.0,46.858,40.3,14.799,9.788,17167.967,,443.129,5.18,10.5,46.1,,11.0
BEL,Europe,Belgium,2020-06-11,59569,132,9629,10,5139.86,11.39,830.83,0.863,,,,,,,,,11589616.0,375.564,41.8,18.571,12.849,42658.576,0.2,114.898,4.29,25.1,31.4,,5.64
BLZ,North America,Belize,2020-06-11,19,0,2,0,47.784,0.0,5.03,0.0,,,,,,,,,397621.0,16.426,25.0,3.853,2.279,7824.362,,176.957,17.11,,,90.083,1.3
BEN,Africa,Benin,2020-06-11,305,0,4,0,25.158,0.0,0.33,0.0,,,,,,,,,12123198.0,99.11,18.8,3.244,1.942,2064.236,49.6,235.848,0.99,0.6,12.3,11.035,0.5
BMU,North America,Bermuda,2020-06-11,141,0,9,0,2264.224,0.0,144.525,0.0,,,,,,,,,62273.0,1308.82,,,,50669.315,,139.547,13.0,,,,
BTN,Asia,Bhutan,2020-06-11,62,3,0,0,80.351,3.888,0.0,0.0,,,,,,,,,771612.0,21.188,28.6,4.885,2.977,8708.597,1.5,217.066,9.75,,,79.807,1.7
BOL,South America,Bolivia,2020-06-11,15281,637,512,25,1309.086,54.57,43.862,2.142,,,,,,,,,11673029.0,10.202,25.4,6.704,4.393,6885.829,7.1,204.299,6.89,,,25.383,1.1
BES,North America,Bonaire Sint Eustatius and Saba,2020-06-11,7,0,0,0,266.962,0.0,0.0,0.0,,,,,,,,,26221.0,,,,,,,,,,,,
BIH,Europe,Bosnia and Herzegovina,2020-06-11,2776,49,160,1,846.131,14.935,48.768,0.305,,,,,,,,,3280815.0,68.496,42.5,16.569,10.711,11713.895,0.2,329.635,10.08,30.2,47.7,97.164,3.5
BWA,Africa,Botswana,2020-06-11,48,6,1,0,20.411,2.551,0.425,0.0,,,,,,,,,2351625.0,4.044,25.8,3.941,2.242,15807.374,,237.372,4.81,5.7,34.4,,1.8
BRA,South America,Brazil,2020-06-11,772416,32913,39680,1274,3633.883,154.841,186.677,5.994,,,,,,,,,212559409.0,25.04,33.5,8.552,5.06,14103.452,3.4,177.961,8.11,10.1,17.9,,2.2
VGB,North America,British Virgin Islands,2020-06-11,8,0,1,0,264.577,0.0,33.072,0.0,,,,,,,,,30237.0,207.973,,,,,,,13.67,,,,
BRN,Asia,Brunei,2020-06-11,141,0,2,0,322.298,0.0,4.572,0.0,,,,,,,,,437483.0,81.347,32.4,4.591,2.382,71809.251,,201.285,12.79,2.0,30.9,,2.7
BGR,Europe,Bulgaria,2020-06-11,2889,0,167,0,415.776,0.0,24.034,0.0,95820.0,2308.0,13.79,0.332,1427.0,0.205,tests performed,,6948445.0,65.18,44.7,20.801,13.272,18563.307,1.5,424.688,5.81,30.1,44.4,,7.454
BFA,Africa,Burkina Faso,2020-06-11,891,0,53,0,42.625,0.0,2.535,0.0,,,,,,,,,20903278.0,70.151,17.6,2.409,1.358,1703.102,43.7,269.048,2.42,1.6,23.9,11.877,0.4
BDI,Africa,Burundi,2020-06-11,83,0,1,0,6.98,0.0,0.084,0.0,,,,,,,,,11890781.0,423.062,17.5,2.562,1.504,702.225,71.7,293.068,6.05,,,6.144,0.8
KHM,Asia,Cambodia,2020-06-11,126,0,0,0,7.536,0.0,0.0,0.0,,,,,,,,,16718971.0,90.672,25.6,4.412,2.385,3645.07,,270.892,4.0,2.0,33.7,66.229,0.8
CMR,Africa,Cameroon,2020-06-11,8681,0,208,0,327.019,0.0,7.835,0.0,,,,,,,,,26545864.0,50.885,18.8,3.165,1.919,3364.926,23.8,244.661,7.2,,,2.735,1.3
CAN,North America,Canada,2020-06-11,97114,472,7960,63,2573.091,12.506,210.905,1.669,1989179.0,33536.0,52.704,0.889,28830.0,0.764,people tested,,37742157.0,4.037,41.4,16.984,10.797,44017.591,0.5,105.599,7.37,12.0,16.6,,2.5
CPV,Africa,Cape Verde,2020-06-11,615,30,5,0,1106.139,53.958,8.993,0.0,,,,,,,,,555988.0,135.58,25.7,4.46,3.437,6222.554,,182.219,2.42,2.1,16.5,,2.1
CYM,North America,Cayman Islands,2020-06-11,180,4,1,0,2738.892,60.864,15.216,0.0,,,,,,,,,65720.0,256.496,,,,49903.029,,,13.22,,,,
CAF,Africa,Central African Republic,2020-06-11,1952,64,6,1,404.161,13.251,1.242,0.207,,,,,,,,,4829764.0,7.479,18.3,3.655,2.251,661.24,,435.727,6.1,,,16.603,1.0
TCD,Africa,Chad,2020-06-11,846,2,72,1,51.504,0.122,4.383,0.061,,,,,,,,,16425859.0,11.833,16.7,2.486,1.446,1768.153,38.4,280.995,6.1,,,5.818,
CHL,South America,Chile,2020-06-11,148496,5737,2475,192,7768.067,300.112,129.471,10.044,781043.0,19976.0,40.858,1.045,19181.0,1.003,tests performed,,19116209.0,24.282,35.4,11.087,6.938,22767.037,1.3,127.993,8.46,34.2,41.5,,2.11
CHN,Asia,China,2020-06-11,84209,11,4638,0,58.506,0.008,3.222,0.0,,,,,,,,,1439323774.0,147.674,38.7,10.641,5.929,15308.712,0.7,261.899,9.74,1.9,48.4,,4.34
COL,South America,Colombia,2020-06-11,43682,1604,1433,61,858.481,31.523,28.163,1.199,,,,,,,,,50882884.0,44.223,32.2,7.646,4.312,13254.949,4.5,124.24,7.44,4.7,13.5,65.386,1.71
COM,Africa,Comoros,2020-06-11,162,0,2,0,186.294,0.0,2.3,0.0,,,,,,,,,869595.0,437.352,20.4,2.963,1.726,1413.89,18.1,261.516,11.88,4.4,23.6,15.574,2.2
COG,Africa,Congo,2020-06-11,745,17,25,1,135.01,3.081,4.531,0.181,,,,,,,,,5518092.0,15.405,19.0,3.402,2.063,4881.406,37.0,344.094,7.2,1.7,52.3,47.964,
CRI,North America,Costa Rica,2020-06-11,1461,86,12,1,286.802,16.882,2.356,0.196,,,,,,,,,5094114.0,96.079,33.6,9.468,5.694,15524.995,1.3,137.973,8.78,6.4,17.4,83.841,1.13
CIV,Africa,Cote d'Ivoire,2020-06-11,4181,186,41,3,158.502,7.051,1.554,0.114,,,,,,,,,26378275.0,76.399,18.7,2.933,1.582,3601.006,28.2,303.74,2.42,,,19.351,
HRV,Europe,Croatia,2020-06-11,2249,2,106,0,547.833,0.487,25.82,0.0,69606.0,257.0,16.955,0.063,230.0,0.056,people tested,,4105268.0,73.726,44.0,19.724,13.053,22669.797,0.7,253.782,5.59,34.3,39.9,,5.54
CUB,North America,Cuba,2020-06-11,2211,6,83,0,195.204,0.53,7.328,0.0,,,,,,,,,11326616.0,110.408,43.1,14.738,9.719,,,190.968,8.27,17.1,53.3,85.198,5.2
CUW,North America,Curacao,2020-06-11,21,0,1,0,127.971,0.0,6.094,0.0,,,,,,,,,164100.0,362.644,41.7,16.367,10.068,,,,11.62,,,,
CYP,Europe,Cyprus,2020-06-11,974,2,18,0,1112.0,2.283,20.55,0.0,,,,,,,,,875899.0,127.657,37.3,13.416,8.563,32415.132,,141.171,9.24,19.6,52.7,,3.4
CZE,Europe,Czech Republic,2020-06-11,9824,73,330,2,917.361,6.817,30.815,0.187,,,,,,,,,10708982.0,137.176,43.3,19.027,11.58,32605.906,,227.485,6.82,30.5,38.3,,6.63
COD,Africa,Democratic Republic of Congo,2020-06-11,4389,131,95,6,49.005,1.463,1.061,0.067,,,,,,,,,89561404.0,35.879,17.0,3.02,1.745,808.133,77.1,318.949,6.1,,,4.472,
DNK,Europe,Denmark,2020-06-11,12016,15,593,0,2074.513,2.59,102.379,0.0,,,,,,,,,5792203.0,136.52,42.3,19.677,12.325,46682.515,0.2,114.767,6.41,19.3,18.8,,2.5
DJI,Africa,Djibouti,2020-06-11,4373,42,34,0,4426.104,42.51,34.413,0.0,,,,,,,,,988002.0,41.285,25.4,4.213,2.38,2705.406,22.5,258.037,6.05,1.7,24.5,,1.4
DMA,North America,Dominica,2020-06-11,18,0,0,0,250.031,0.0,0.0,0.0,,,,,,,,,71991.0,98.567,,,,9673.367,,227.376,11.62,,,,3.8
DOM,North America,Dominican Republic,2020-06-11,20808,393,550,6,1918.159,36.228,50.701,0.553,,,,,,,,78.7,10847904.0,222.873,27.6,6.981,4.419,14600.861,1.6,266.653,8.2,8.5,19.1,55.182,1.6
ECU,South America,Ecuador,2020-06-11,44440,523,3720,30,2518.837,29.643,210.848,1.7,,,,,,,,,17643060.0,66.939,28.1,7.104,4.458,10581.936,3.6,140.448,5.55,2.0,12.3,80.635,1.5
EGY,Africa,Egypt,2020-06-11,38284,1455,1342,36,374.107,14.218,13.114,0.352,,,,,,,,,102334403.0,97.999,25.3,5.159,2.891,10550.206,1.3,525.432,17.31,0.2,50.1,89.827,1.6
SLV,North America,El Salvador,2020-06-11,3274,83,64,4,504.764,12.796,9.867,0.617,,,,,,,,100.0,6486201.0,307.811,27.6,8.273,5.417,7292.458,2.2,167.295,8.87,2.5,18.8,90.65,1.3
GNQ,Africa,Equatorial Guinea,2020-06-11,1306,0,12,0,930.872,0.0,8.553,0.0,,,,,,,,,1402985.0,45.194,22.4,2.846,1.752,22604.873,,202.812,7.78,,,24.64,2.1
ERI,Africa,Eritrea,2020-06-11,41,0,0,0,11.561,0.0,0.0,0.0,,,,,,,,93.52,3546427.0,44.304,19.3,3.607,2.171,1510.459,,311.11,6.05,0.2,11.4,,0.7
EST,Europe,Estonia,2020-06-11,1958,11,69,0,1476.021,8.292,52.015,0.0,,,,,,,,37.96,1326539.0,31.033,42.7,19.452,13.491,29481.252,0.5,255.569,4.02,24.5,39.3,,4.69
ETH,Africa,Ethiopia,2020-06-11,2506,170,35,3,21.798,1.479,0.304,0.026,165151.0,6630.0,1.437,0.058,5608.0,0.049,tests performed,,114963583.0,104.957,19.8,3.526,2.063,1729.927,26.7,182.634,7.47,0.4,8.5,7.96,0.3
FRO,Europe,Faeroe Islands,2020-06-11,187,0,0,0,3826.87,0.0,0.0,0.0,,,,,,,,,48865.0,35.308,,,,,,,,,,,
FLK,South America,Falkland Islands,2020-06-11,13,0,0,0,3732.415,0.0,0.0,0.0,,,,,,,,,3483.0,,,,,,,,,,,,
FJI,Oceania,Fiji,2020-06-11,18,0,0,0,20.079,0.0,0.0,0.0,,,,,,,,,896444.0,49.562,28.6,6.224,3.284,8702.975,1.4,412.82,14.49,10.2,34.8,,2.3
FIN,Europe,Finland,2020-06-11,7040,15,324,0,1270.593,2.707,58.476,0.0,,,,,,,,,5540718.0,18.136,42.8,21.228,13.264,40585.721,,153.507,5.76,18.3,22.6,,3.28
FRA,Europe,France,2020-06-11,155136,545,29319,23,2376.707,8.349,449.171,0.352,,,,,,,,,65273512.0,122.578,42.0,19.718,13.079,38605.671,,86.06,4.77,30.1,35.6,,5.98
PYF,Oceania,French Polynesia,2020-06-11,60,0,0,0,213.596,0.0,0.0,0.0,,,,,,,,,280904.0,77.324,32.7,7.775,4.593,,,,22.63,,,,
GAB,Africa,Gabon,2020-06-11,3375,81,22,1,1516.358,36.393,9.884,0.449,,,,,,,,,2225728.0,7.859,23.1,4.45,2.976,16562.413,3.4,259.967,7.2,,,,6.3
GMB,Africa,Gambia,2020-06-11,28,0,1,0,11.586,0.0,0.414,0.0,,,,,,,,,2416664.0,207.566,17.5,2.339,1.417,1561.767,10.1,331.43,1.91,0.7,31.2,7.876,1.1
GEO,Asia,Georgia,2020-06-11,827,9,13,0,207.311,2.256,3.259,0.0,,,,,,,,,3989175.0,65.032,38.7,14.864,10.244,9745.079,4.2,496.218,7.11,5.3,55.5,,2.6
DEU,Europe,Germany,2020-06-11,185416,555,8755,26,2213.025,6.624,104.495,0.31,,,,,,,,,83783945.0,237.016,46.6,21.453,15.957,45229.245,,156.139,8.31,28.2,33.1,,8.0
GHA,Africa,Ghana,2020-06-11,10358,157,48,0,333.345,5.053,1.545,0.0,,,,,,,,,31072945.0,126.719,21.1,3.385,1.948,4227.63,12.0,298.245,4.97,0.3,7.7,41.047,0.9
GIB,Europe,Gibraltar,2020-06-11,176,0,0,0,5223.947,0.0,0.0,0.0,,,,,,,,,33691.0,3457.1,,,,,,,,,,,
GRC,Europe,Greece,2020-06-11,3068,10,183,0,294.347,0.959,17.557,0.0,237276.0,,22.765,,6192.0,0.594,tests performed,,10423056.0,83.479,45.3,20.396,14.524,24574.382,1.5,175.695,4.55,35.3,52.0,,4.21
GRL,North America,Greenland,2020-06-11,13,0,0,0,228.986,0.0,0.0,0.0,,,,,,,,,56772.0,0.137,,,,,,199.941,2.16,,,,
GRD,North America,Grenada,2020-06-11,23,0,0,0,204.41,0.0,0.0,0.0,,,,,,,,,112519.0,317.132,29.4,7.304,5.021,13593.877,,243.964,10.71,,,,3.7
GUM,Oceania,Guam,2020-06-11,183,3,5,0,1084.232,17.774,29.624,0.0,,,,,,,,,168783.0,304.128,31.4,9.551,5.493,,,310.496,21.52,,,,
GTM,North America,Guatemala,2020-06-11,8221,355,316,27,458.875,19.815,17.638,1.507,,,,,,,,,17915567.0,157.834,22.9,4.694,3.016,7423.808,8.7,155.898,10.18,,,76.665,0.6
GGY,Europe,Guernsey,2020-06-11,252,0,13,0,3758.277,0.0,193.879,0.0,,,,,,,,,67052.0,,,,,,,,,,,,
GIN,Africa,Guinea,2020-06-11,4258,0,23,0,324.227,0.0,1.751,0.0,,,,,,,,,13132792.0,51.755,19.0,3.135,1.733,1998.926,35.3,336.717,2.42,,,17.45,0.3
GNB,Africa,Guinea-Bissau,2020-06-11,1389,0,12,0,705.793,0.0,6.098,0.0,,,,,,,,,1967998.0,66.191,19.4,3.002,1.565,1548.675,67.1,382.474,2.42,,,6.403,
GUY,South America,Guyana,2020-06-11,156,0,12,0,198.332,0.0,15.256,0.0,,,,,,,,,786559.0,3.952,26.3,5.305,2.837,7435.047,,373.159,11.62,,,77.159,1.6
HTI,North America,Haiti,2020-06-11,3796,134,58,2,332.908,11.752,5.087,0.175,,,,,,,,,11402533.0,398.448,24.3,4.8,2.954,1653.173,23.5,430.548,6.65,2.9,23.1,22.863,0.7
HND,North America,Honduras,2020-06-11,7360,425,290,19,743.088,42.909,29.279,1.918,,,,,,,,,9904608.0,82.805,24.9,4.652,2.883,4541.795,16.0,240.208,7.21,2.0,,84.169,0.7
HUN,Europe,Hungary,2020-06-11,4027,10,551,1,416.859,1.035,57.037,0.104,222247.0,4558.0,23.006,0.472,3765.0,0.39,tests performed,,9660350.0,108.043,43.4,18.577,11.976,26777.561,0.5,278.296,7.55,26.8,34.8,,7.02
ISL,Europe,Iceland,2020-06-11,1807,0,10,0,5295.238,0.0,29.304,0.0,,,,,,,,,341250.0,3.404,37.3,14.431,9.207,46482.958,0.2,117.992,5.31,14.3,15.2,,2.91
IND,Asia,India,2020-06-11,286579,9996,8102,357,207.665,7.243,5.871,0.259,5213140.0,151808.0,3.778,0.11,138632.0,0.1,samples tested,,1380004385.0,450.419,28.2,5.989,3.414,6426.674,21.2,282.28,10.39,1.9,20.6,59.55,0.53
IDN,Asia,Indonesia,2020-06-11,34316,1240,1959,36,125.459,4.533,7.162,0.132,294671.0,7193.0,1.077,0.026,6134.0,0.022,people tested,,273523621.0,145.725,29.3,5.319,3.053,11188.744,5.7,342.864,6.32,2.8,76.1,64.204,1.04
IRN,Asia,Iran,2020-06-11,177938,2011,8506,81,2118.487,23.942,101.27,0.964,,,,,,,,,83992953.0,49.831,32.4,5.44,3.182,19082.62,0.2,270.308,9.59,0.8,21.1,,1.5
IRQ,Asia,Iraq,2020-06-11,15414,1146,426,34,383.218,28.492,10.591,0.845,,,,,,,,,40222503.0,88.125,20.0,3.186,1.957,15663.986,2.5,218.612,8.83,,,94.576,1.4
IRL,Europe,Ireland,2020-06-11,25231,16,1695,4,5109.77,3.24,343.271,0.81,,,,,,,,,4937796.0,69.874,38.7,13.928,8.678,67335.293,0.2,126.459,3.28,23.0,25.7,,2.96
IMN,Europe,Isle of Man,2020-06-11,336,0,24,0,3951.454,0.0,282.247,0.0,,,,,,,,,85032.0,147.872,,,,,,,,,,,
ISR,Asia,Israel,2020-06-11,18355,87,299,0,2120.607,10.051,34.544,0.0,,,,,,,,,8655541.0,402.606,30.6,11.733,7.359,33132.32,0.5,93.32,6.74,15.4,35.4,,2.99
ITA,Europe,Italy,2020-06-11,235763,202,34114,71,3899.369,3.341,564.224,1.174,4443821.0,62472.0,73.498,1.033,56325.0,0.932,tests performed,,60461828.0,205.859,47.9,23.021,16.24,35220.084,2.0,113.151,4.78,19.8,27.8,,3.18
JAM,North America,Jamaica,2020-06-11,605,0,10,0,204.312,0.0,3.377,0.0,,,,,,,,,2961161.0,266.879,31.4,9.684,6.39,8193.571,,206.537,11.28,5.3,28.6,66.425,1.7
JPN,Asia,Japan,2020-06-11,17292,41,920,1,136.721,0.324,7.274,0.008,,,,,,,,,126476458.0,347.778,48.2,27.049,18.493,39002.223,,79.37,5.72,11.2,33.7,,13.05
JEY,Europe,Jersey,2020-06-11,313,0,30,0,3096.772,0.0,296.815,0.0,,,,,,,,,101073.0,,,,,,,,,,,,
JOR,Asia,Jordan,2020-06-11,863,18,9,0,84.582,1.764,0.882,0.0,,,,,,,,,10203140.0,109.285,23.2,3.81,2.361,8337.49,0.1,208.257,11.75,,,,1.4
KAZ,Asia,Kazakhstan,2020-06-11,13558,239,67,6,722.065,12.729,3.568,0.32,1050098.0,26681.0,55.926,1.421,22571.0,1.202,tests performed,,18776707.0,6.681,30.6,6.991,4.625,24055.588,0.1,466.792,7.11,7.0,43.1,98.999,6.7
KEN,Africa,Kenya,2020-06-11,3094,105,89,1,57.54,1.953,1.655,0.019,106247.0,3291.0,1.976,0.061,2650.0,0.049,units unclear,93.52,53771300.0,87.324,20.0,2.686,1.528,2993.028,36.8,218.637,2.92,1.2,20.4,24.651,1.4
OWID_KOS,Europe,Kosovo,2020-06-11,1298,35,31,0,671.574,18.109,16.039,0.0,,,,,,,,,1932774.0,168.155,,,,9795.834,0.6,,,,,,
KWT,Asia,Kuwait,2020-06-11,33823,683,275,2,7920.033,159.932,64.394,0.468,,,,,,,,,4270563.0,232.128,33.7,2.345,1.114,65530.537,,132.235,15.84,2.7,37.0,,2.0
KGZ,Asia,Kyrgyzstan,2020-06-11,2129,36,26,0,326.324,5.518,3.985,0.0,,,,,,,,,6524191.0,32.333,26.3,4.489,2.882,3393.474,1.4,436.362,7.11,3.6,50.5,89.22,4.5
LAO,Asia,Laos,2020-06-11,19,0,0,0,2.611,0.0,0.0,0.0,,,,,,,,,7275556.0,29.715,24.4,4.029,2.322,6397.36,22.7,368.111,4.0,7.3,51.2,49.839,1.5
LVA,Europe,Latvia,2020-06-11,1092,3,26,0,578.941,1.59,13.784,0.0,123364.0,1581.0,65.403,0.838,1273.0,0.675,tests performed,,1886202.0,31.212,43.9,19.754,14.136,25063.846,0.7,350.06,4.91,25.6,51.0,,5.57
LBN,Asia,Lebanon,2020-06-11,1388,20,30,0,203.357,2.93,4.395,0.0,,,,,,,,,6825442.0,594.561,31.1,8.514,5.43,13367.565,,266.591,12.71,26.9,40.7,,2.9
LSO,Africa,Lesotho,2020-06-11,4,0,0,0,1.867,0.0,0.0,0.0,,,,,,,,,2142252.0,73.562,22.2,4.506,2.647,2851.153,59.6,405.126,3.94,0.4,53.9,2.117,
LBR,Africa,Liberia,2020-06-11,397,14,31,0,78.495,2.768,6.129,0.0,,,,,,,,,5057677.0,49.127,19.2,3.057,1.756,752.788,38.6,272.509,2.42,1.5,18.1,1.188,0.8
LBY,Africa,Libya,2020-06-11,378,46,5,0,55.012,6.695,0.728,0.0,,,,,,,,,6871287.0,3.623,29.0,4.424,2.816,17881.509,,341.862,10.43,,,,3.7
LIE,Europe,Liechtenstein,2020-06-11,83,0,1,0,2176.364,0.0,26.221,0.0,,,,,,,,,38137.0,237.012,,,,,,,7.77,,,,2.397
LTU,Europe,Lithuania,2020-06-11,1733,6,74,2,636.596,2.204,27.183,0.735,350788.0,5396.0,128.858,1.982,4250.0,1.561,samples tested,,2722291.0,45.135,43.5,19.002,13.778,29524.265,0.7,342.989,3.67,21.3,38.0,,6.56
LUX,Europe,Luxembourg,2020-06-11,4049,3,110,0,6468.299,4.793,175.726,0.0,98232.0,7029.0,156.926,11.229,2265.0,3.618,people tested,,625976.0,231.447,39.7,14.312,9.842,94277.965,0.2,128.275,4.42,20.9,26.0,,4.51
MKD,Europe,Macedonia,2020-06-11,3367,125,164,7,1616.124,59.999,78.718,3.36,,,,,,,,,2083380.0,82.6,39.1,13.26,8.16,13111.214,5.0,322.688,10.08,,,,4.28
MDG,Africa,Madagascar,2020-06-11,1162,24,10,1,41.963,0.867,0.361,0.036,,,,,,,,,27691019.0,43.951,19.6,2.929,1.686,1416.44,77.6,405.994,3.94,,,50.54,0.2
MWI,Africa,Malawi,2020-06-11,455,0,4,0,23.785,0.0,0.209,0.0,,,,,,,,,19129955.0,197.519,18.1,2.979,1.783,1095.042,71.4,227.349,3.94,4.4,24.7,8.704,1.3
MYS,Asia,Malaysia,2020-06-11,8338,2,118,1,257.616,0.062,3.646,0.031,,,,,,,,,32365998.0,96.254,29.9,6.293,3.407,26808.164,0.1,260.942,16.74,1.0,42.4,,1.9
MDV,Asia,Maldives,2020-06-11,1962,20,8,0,3629.69,37.0,14.8,0.0,,,,,,,,,540542.0,1454.433,30.6,4.12,2.875,15183.616,,164.905,9.19,2.1,55.0,95.803,
MLI,Africa,Mali,2020-06-11,1667,81,96,2,82.318,4.0,4.741,0.099,,,,,,,,,20250834.0,15.196,16.4,2.519,1.486,2014.306,,268.024,2.42,1.6,23.0,52.232,0.1
MLT,Europe,Malta,2020-06-11,635,1,9,0,1438.152,2.265,20.383,0.0,,,,,,,,,441539.0,1454.037,42.4,19.426,11.324,36513.323,0.2,168.711,8.83,20.9,30.2,,4.485
MRT,Africa,Mauritania,2020-06-11,1162,0,61,0,249.911,0.0,13.119,0.0,,,,,,,,,4649660.0,4.289,20.3,3.138,1.792,3597.633,6.0,232.347,2.42,,,15.95,
MUS,Africa,Mauritius,2020-06-11,337,0,10,0,264.986,0.0,7.863,0.0,,,,,,,,,1271767.0,622.962,37.4,10.945,5.884,20292.745,0.5,224.644,22.02,3.2,40.7,,3.4
MEX,North America,Mexico,2020-06-11,129184,4883,15357,708,1001.949,37.872,119.109,5.491,,,,,,,,72.69,128932753.0,66.444,29.3,6.857,4.321,17336.469,2.5,152.783,13.06,6.9,21.4,87.847,1.38
MDA,Europe,Moldova,2020-06-11,10321,296,371,6,2558.526,73.377,91.969,1.487,,,,,,,,80.56,4033963.0,123.655,37.6,10.864,6.955,5189.972,0.2,408.502,5.72,5.9,44.6,86.979,5.8
MCO,Europe,Monaco,2020-06-11,99,0,5,0,2522.679,0.0,127.408,0.0,,,,,,,,,39244.0,19347.5,,,,,,,5.46,,,,13.8
MNG,Asia,Mongolia,2020-06-11,194,0,0,0,59.177,0.0,0.0,0.0,,,,,,,,,3278292.0,1.98,28.6,4.031,2.421,11840.846,0.5,460.043,4.82,5.5,46.5,71.18,7.0
MNE,Europe,Montenegro,2020-06-11,324,0,9,0,515.873,0.0,14.33,0.0,,,,,,,,,628062.0,46.28,39.1,14.762,9.395,16409.288,1.0,387.305,10.08,44.0,47.9,,3.861
MSR,North America,Montserrat,2020-06-11,11,0,1,0,2200.44,0.0,200.04,0.0,,,,,,,,,4999.0,,,,,,,,,,,,
MAR,Africa,Morocco,2020-06-11,8455,18,210,0,229.067,0.488,5.689,0.0,,,,,,,,,36910558.0,80.08,29.6,6.769,4.209,7485.013,1.0,419.146,7.14,0.8,47.1,,1.1
MOZ,Africa,Mozambique,2020-06-11,472,19,2,0,15.101,0.608,0.064,0.0,,,,,,,,,31255435.0,37.728,17.7,3.158,1.87,1136.103,62.9,329.942,3.3,5.1,29.1,12.227,0.7
MMR,Asia,Myanmar,2020-06-11,249,3,6,0,4.576,0.055,0.11,0.0,,,,,,,,,54409794.0,81.721,29.1,5.732,3.12,5591.597,6.4,202.104,4.61,6.3,35.2,79.287,0.9
NAM,Africa,Namibia,2020-06-11,31,0,0,0,12.2,0.0,0.0,0.0,,,,,,,,,2540916.0,3.078,22.0,3.552,2.085,9541.808,13.4,243.811,3.94,9.7,34.2,44.6,
NPL,Asia,Nepal,2020-06-11,4364,279,15,0,149.776,9.576,0.515,0.0,,,,,,,,,29136808.0,204.43,25.0,5.809,3.212,2442.804,15.0,260.797,7.26,9.5,37.8,47.782,0.3
NLD,Europe,Netherlands,2020-06-11,48087,184,6042,11,2806.382,10.738,352.614,0.642,,,,,,,,,17134873.0,508.544,43.2,18.779,11.881,48472.545,,109.361,5.29,24.4,27.3,,3.32
NCL,Oceania,New Caledonia,2020-06-11,21,0,0,0,73.557,0.0,0.0,0.0,,,,,,,,,285491.0,15.342,33.4,9.954,6.489,,,,23.36,,,,
NZL,Oceania,New Zealand,2020-06-11,1154,0,22,0,239.308,0.0,4.562,0.0,,,,,,,,,4822233.0,18.206,37.9,15.322,9.72,36085.843,,128.797,8.08,14.8,17.2,,2.61
NIC,North America,Nicaragua,2020-06-11,1464,155,55,9,220.996,23.398,8.302,1.359,,,,,,,,,6624554.0,51.667,27.3,5.445,3.519,5321.444,3.2,137.016,11.47,,,,0.9
NER,Africa,Niger,2020-06-11,974,0,65,0,40.237,0.0,2.685,0.0,,,,,,,,,24206636.0,16.955,15.1,2.553,1.378,926.0,44.5,238.339,2.42,0.1,15.4,8.978,0.3
NGA,Africa,Nigeria,2020-06-11,13873,409,382,17,67.299,1.984,1.853,0.082,85375.0,2440.0,0.414,0.012,2006.0,0.01,samples tested,,206139587.0,209.588,18.1,2.751,1.447,5338.454,,181.013,2.42,0.6,10.8,41.949,
MNP,Oceania,Northern Mariana Islands,2020-06-11,30,0,2,0,521.222,0.0,34.748,0.0,,,,,,,,,57557.0,119.878,,,,,,194.994,,,,,
NOR,Europe,Norway,2020-06-11,8576,13,239,0,1581.925,2.398,44.086,0.0,272905.0,5028.0,50.34,0.927,2599.0,0.479,people tested,,5421242.0,14.462,39.7,16.821,10.813,64800.057,0.2,114.316,5.31,19.6,20.7,,3.6
OMN,Asia,Oman,2020-06-11,18887,689,84,1,3698.531,134.923,16.449,0.196,,,,,,,,,5106622.0,14.98,30.7,2.355,1.53,37960.709,,266.342,12.61,0.5,15.6,97.4,1.6
PAK,Asia,Pakistan,2020-06-11,119536,5834,2356,101,541.151,26.411,10.666,0.457,780825.0,26573.0,3.535,0.12,23616.0,0.107,tests performed,,220892331.0,255.573,23.5,4.495,2.78,5034.708,4.0,423.031,8.35,2.8,36.7,59.607,0.6
PSE,Asia,Palestine,2020-06-11,665,4,5,0,130.356,0.784,0.98,0.0,,,,,,,,,5101416.0,778.202,20.4,3.043,1.726,4449.898,1.0,265.91,10.59,,,,
PAN,North America,Panama,2020-06-11,17889,656,413,10,4145.993,152.036,95.718,2.318,,,,,,,,,4314768.0,55.133,29.7,7.918,5.03,22267.037,2.2,128.346,8.33,2.4,9.9,,2.3
PNG,Oceania,Papua New Guinea,2020-06-11,8,0,0,0,0.894,0.0,0.0,0.0,,,,,,,,,8947027.0,18.22,22.6,3.808,2.142,3823.194,,561.494,17.65,23.5,48.8,,
PRY,South America,Paraguay,2020-06-11,1202,15,11,0,168.524,2.103,1.542,0.0,,,,,,,,,7132530.0,17.144,26.5,6.378,3.833,8827.01,1.7,199.128,8.27,5.0,21.6,79.602,1.3
PER,South America,Peru,2020-06-11,208823,5087,5903,165,6333.373,154.283,179.032,5.004,175752.0,,5.33,,3250.0,0.099,people tested,,32971846.0,25.129,29.1,7.151,4.455,12236.706,3.5,85.755,5.95,4.8,,,1.6
PHL,Asia,Philippines,2020-06-11,23732,740,1027,10,216.57,6.753,9.372,0.091,,,,,,,,,109581085.0,351.873,25.2,4.803,2.661,7599.188,,370.437,7.07,7.8,40.8,78.463,1.0
POL,Europe,Poland,2020-06-11,27757,197,1206,23,733.408,5.205,31.865,0.608,,,,,,,,,37846605.0,124.027,41.8,16.763,10.202,27216.445,,227.331,5.91,23.3,33.1,,6.62
PRT,Europe,Portugal,2020-06-11,35600,294,1495,3,3491.323,28.833,146.616,0.294,,,,,,,,,10196707.0,112.371,46.2,21.502,14.924,27936.896,0.5,127.842,9.85,16.3,30.0,,3.39
PRI,North America,Puerto Rico,2020-06-11,5329,144,143,1,1862.74,50.335,49.985,0.35,,,,,,,,,2860840.0,376.232,38.2,15.168,9.829,35044.67,,108.094,12.9,,,,
QAT,Asia,Qatar,2020-06-11,73595,1716,66,4,25544.418,595.614,22.908,1.388,,,,,,,,,2881060.0,227.322,31.9,1.307,0.617,116935.6,,176.69,16.52,0.8,26.9,,1.2
ROU,Europe,Romania,2020-06-11,20945,196,1360,15,1088.749,10.188,70.695,0.78,531619.0,11055.0,27.634,0.575,8396.0,0.436,tests performed,,19237682.0,85.129,43.0,17.85,11.69,23313.199,5.7,370.946,9.74,22.9,37.1,,6.892
RUS,Europe,Russia,2020-06-11,493657,8404,6358,217,3382.731,57.587,43.568,1.487,13875097.0,329794.0,95.078,2.26,306007.0,2.097,tests performed,,145934460.0,8.823,39.6,14.178,9.393,24765.954,0.1,431.297,6.18,23.4,58.3,,8.05
RWA,Africa,Rwanda,2020-06-11,476,13,2,0,36.75,1.004,0.154,0.0,,,,,,,,,12952209.0,494.869,20.3,2.974,1.642,1854.211,56.0,191.375,4.28,4.7,21.0,4.617,
KNA,North America,Saint Kitts and Nevis,2020-06-11,15,0,0,0,281.997,0.0,0.0,0.0,,,,,,,,,53192.0,212.865,,,,24654.385,,,12.84,,,,2.3
LCA,North America,Saint Lucia,2020-06-11,19,0,0,0,103.469,0.0,0.0,0.0,,,,,,,,,183629.0,293.187,34.9,9.721,6.405,12951.839,,204.62,11.62,,,87.202,1.3
VCT,North America,Saint Vincent and the Grenadines,2020-06-11,27,0,0,0,243.359,0.0,0.0,0.0,,,,,,,,,110947.0,281.787,31.8,7.724,4.832,10727.146,,252.675,11.62,,,,2.6
SMR,Europe,San Marino,2020-06-11,691,3,42,0,20360.658,88.396,1237.551,0.0,,,,,,,,,33938.0,556.667,,,,56861.47,,,5.64,,,,3.8
STP,Africa,Sao Tome and Principe,2020-06-11,632,118,12,0,2883.725,538.417,54.754,0.0,,,,,,,,,219161.0,212.841,18.7,2.886,2.162,3052.714,32.3,270.113,2.42,,,41.34,2.9
SAU,Asia,Saudi Arabia,2020-06-11,112288,3717,819,36,3225.381,106.768,23.525,1.034,,,,,,,,,34813867.0,15.322,31.9,3.295,1.845,49045.411,,259.538,17.72,1.8,25.4,,2.7
SEN,Africa,Senegal,2020-06-11,4640,124,54,2,277.115,7.406,3.225,0.119,,,,,,,,,16743930.0,82.328,18.7,3.008,1.796,2470.58,38.0,241.219,2.42,0.4,16.6,20.859,
SRB,Europe,Serbia,2020-06-11,12031,66,251,1,1768.07,9.699,36.887,0.147,,,,,,,,,6804596.0,80.291,41.2,17.366,,14048.881,,439.415,10.08,37.7,40.2,97.719,5.609
SYC,Africa,Seychelles,2020-06-11,11,0,0,0,111.857,0.0,0.0,0.0,,,,,,,,19.44,98340.0,208.354,36.2,8.606,5.586,26382.287,1.1,242.648,10.55,7.1,35.7,,3.6
SLE,Africa,Sierra Leone,2020-06-11,1062,37,50,0,133.133,4.638,6.268,0.0,,,,,,,,,7976985.0,104.7,19.1,2.538,1.285,1390.3,52.2,325.721,2.42,8.8,41.3,19.275,
SGP,Asia,Singapore,2020-06-11,38965,451,25,0,6660.293,77.089,4.273,0.0,,,,,,,,,5850343.0,7915.731,42.4,12.922,7.049,85535.383,,92.243,10.99,5.2,28.3,,2.4
SXM,North America,Sint Maarten (Dutch part),2020-06-11,77,0,15,0,1795.625,0.0,349.797,0.0,,,,,,,,,42882.0,1209.088,,,,36327.232,,,,,,,
SVK,Europe,Slovakia,2020-06-11,1533,2,28,0,280.788,0.366,5.129,0.0,193471.0,1500.0,35.437,0.275,1387.0,0.254,tests performed,,5459643.0,113.128,41.2,15.07,9.167,30155.152,0.7,287.959,7.29,23.1,37.7,,5.82
SVN,Europe,Slovenia,2020-06-11,1488,2,109,1,715.752,0.962,52.431,0.481,,,,,,,,,2078932.0,102.619,44.5,19.062,12.93,31400.84,,153.493,7.25,20.1,25.0,,4.5
SOM,Africa,Somalia,2020-06-11,2452,36,85,0,154.28,2.265,5.348,0.0,,,,,,,,,15893219.0,23.5,16.8,2.731,1.496,,,365.769,6.05,,,9.831,0.9
ZAF,Africa,South Africa,2020-06-11,55421,2430,1210,48,934.45,40.972,20.402,0.809,1028399.0,29999.0,17.34,0.506,29675.0,0.5,units unclear,,59308690.0,46.754,27.3,5.344,3.053,12294.876,18.9,200.38,5.52,8.1,33.2,43.993,2.32
KOR,Asia,South Korea,2020-06-11,11947,45,276,0,233.025,0.878,5.383,0.0,1066888.0,14916.0,20.81,0.291,13290.0,0.259,people tested,,51269183.0,527.967,43.4,13.914,8.622,35938.374,0.2,85.998,6.8,6.2,40.9,,12.27
SSD,Africa,South Sudan,2020-06-11,1604,0,19,0,143.295,0.0,1.697,0.0,,,,,,,,,11193729.0,,19.2,3.441,2.032,1569.888,,280.775,10.43,,,,
LKA,Asia,Sri Lanka,2020-06-11,1869,10,11,0,87.282,0.467,0.514,0.0,,,,,,,,,21413250.0,341.955,34.1,10.069,5.331,11669.077,0.7,197.093,10.68,0.3,27.0,,3.6
SDN,Africa,Sudan,2020-06-11,6427,185,389,17,146.57,4.219,8.871,0.388,,,,,,,,,43849269.0,23.258,19.7,3.548,2.034,4466.507,,431.388,15.67,,,23.437,0.8
SUR,South America,Suriname,2020-06-11,137,0,2,0,233.536,0.0,3.409,0.0,,,,,,,,93.52,586634.0,3.612,29.6,6.933,4.229,13767.119,,258.314,12.54,7.4,42.9,67.779,3.1
SWZ,Africa,Swaziland,2020-06-11,398,27,3,0,343.055,23.273,2.586,0.0,,,,,,,,,1160164.0,79.492,21.5,3.163,1.845,7738.975,,333.436,3.94,1.7,16.5,24.097,2.1
SWE,Europe,Sweden,2020-06-11,46814,890,4795,78,4635.385,88.125,474.787,7.723,,,,,,,,,10099270.0,24.718,41.0,19.985,13.433,46949.283,0.5,133.982,4.79,18.8,18.9,,2.22
CHE,Europe,Switzerland,2020-06-11,30928,23,1674,12,3573.583,2.658,193.423,1.387,,,,,,,,,8654618.0,214.243,43.1,18.436,12.644,57410.166,,99.739,5.59,22.6,28.9,,4.53
SYR,Asia,Syria,2020-06-11,152,6,6,0,8.685,0.343,0.343,0.0,,,,,,,,,17500657.0,,21.7,,2.577,,,376.264,,,,70.598,1.5
TWN,Asia,Taiwan,2020-06-11,443,0,7,0,18.6,0.0,0.294,0.0,,,,,,,,,23816775.0,,42.2,,8.353,,,103.957,,,,,
TJK,Asia,Tajikistan,2020-06-11,4763,73,48,0,499.39,7.654,5.033,0.0,,,,,,,,,9537642.0,64.281,23.3,3.466,2.155,2896.913,4.8,427.698,7.11,,,72.704,4.8
TZA,Africa,Tanzania,2020-06-11,509,0,21,0,8.521,0.0,0.352,0.0,,,,,,,,,59734213.0,64.699,17.7,3.108,1.874,2683.304,49.1,217.288,5.75,3.3,26.7,47.953,0.7
THA,Asia,Thailand,2020-06-11,3125,0,58,0,44.771,0.0,0.831,0.0,,,,,,,,,69799978.0,135.132,40.1,11.373,6.89,16277.671,0.1,109.861,7.04,1.9,38.8,90.67,2.1
TLS,Asia,Timor,2020-06-11,24,0,0,0,18.203,0.0,0.0,0.0,,,,,,,,,1318442.0,87.176,18.0,3.556,1.897,6570.102,30.3,335.346,6.86,6.3,78.1,28.178,5.9
TGO,Africa,Togo,2020-06-11,522,21,13,0,63.053,2.537,1.57,0.0,,,,,,,,,8278737.0,143.366,19.4,2.839,1.525,1429.813,49.2,280.033,6.15,0.9,14.2,10.475,0.7
TTO,North America,Trinidad and Tobago,2020-06-11,117,0,8,0,83.602,0.0,5.716,0.0,,,,,,,,,1399491.0,266.886,36.2,10.014,5.819,28763.071,,228.467,10.97,,,89.443,3.0
TUN,Africa,Tunisia,2020-06-11,1087,0,49,0,91.974,0.0,4.146,0.0,,,,,,,,,11818618.0,74.228,32.7,8.001,5.075,10849.297,2.0,318.991,8.52,1.1,65.8,78.687,2.3
TUR,Asia,Turkey,2020-06-11,173036,922,4746,17,2051.671,10.932,56.273,0.202,2500890.0,49190.0,29.653,0.583,41615.0,0.493,tests performed,,84339067.0,104.914,31.6,8.153,5.061,25129.341,0.2,171.285,12.13,14.1,41.1,,2.81
TCA,North America,Turks and Caicos Islands,2020-06-11,12,0,1,0,309.933,0.0,25.828,0.0,,,,,,,,,38718.0,37.312,,,,,,,,,,,
UGA,Africa,Uganda,2020-06-11,665,8,0,0,14.538,0.175,0.0,0.0,,,,,,,,,45741000.0,213.759,16.4,2.168,1.308,1697.707,41.6,213.333,2.5,3.4,16.7,21.222,0.5
UKR,Europe,Ukraine,2020-06-11,28381,525,833,23,648.949,12.004,19.047,0.526,456509.0,10569.0,10.438,0.242,9170.0,0.21,units unclear,,43733759.0,77.39,41.4,16.462,11.133,7894.393,0.1,539.849,7.11,13.5,47.4,,8.8
ARE,Asia,United Arab Emirates,2020-06-11,40507,603,284,1,4095.588,60.968,28.715,0.101,,,,,,,,,9890400.0,112.442,34.0,1.144,0.526,67293.483,,317.84,17.26,1.2,37.4,,1.2
GBR,Europe,United Kingdom,2020-06-11,290143,1003,41128,245,4273.974,14.775,605.839,3.609,,,,,,,,70.37,67886004.0,272.898,40.8,18.517,12.527,39753.244,0.2,122.137,4.28,20.0,24.7,,2.54
USA,North America,United States,2020-06-11,2000464,20614,112924,918,6043.65,62.277,341.157,2.773,,,,,,,,,331002647.0,35.608,38.3,15.413,9.732,54225.446,1.2,151.089,10.79,19.1,24.6,,2.77
VIR,North America,United States Virgin Islands,2020-06-11,72,1,6,0,689.503,9.576,57.459,0.0,,,,,,,,,104423.0,306.48,42.2,18.601,10.799,,,273.67,12.26,,,,
URY,South America,Uruguay,2020-06-11,847,1,23,0,243.83,0.288,6.621,0.0,50473.0,820.0,14.53,0.236,671.0,0.193,tests performed,,3473727.0,19.751,35.6,14.655,10.361,20551.409,0.1,160.708,6.93,14.0,19.9,,2.8
UZB,Asia,Uzbekistan,2020-06-11,4695,148,19,1,140.278,4.422,0.568,0.03,,,,,,,,,33469199.0,76.134,28.2,4.469,2.873,6253.104,,724.417,7.57,1.3,24.7,,4.0
VAT,Europe,Vatican,2020-06-11,12,0,0,0,14833.127,0.0,0.0,0.0,,,,,,,,,809.0,,,,,,,,,,,,
VEN,South America,Venezuela,2020-06-11,2738,106,23,0,96.287,3.728,0.809,0.0,,,,,,,,,28435943.0,36.253,29.0,6.614,3.915,16745.022,,204.85,6.47,,,,0.8
VNM,Asia,Vietnam,2020-06-11,332,0,0,0,3.411,0.0,0.0,0.0,,,,,,,,,97338583.0,308.127,32.6,7.15,4.718,6171.884,2.0,245.465,6.0,1.0,45.9,85.847,2.6
ESH,Africa,Western Sahara,2020-06-11,23,0,1,0,38.505,0.0,1.674,0.0,,,,,,,,,597330.0,,28.4,,1.38,,,,,,,,
YEM,Asia,Yemen,2020-06-11,560,36,129,2,18.776,1.207,4.325,0.067,,,,,,,,,29825968.0,53.508,20.3,2.922,1.583,1479.147,18.8,495.003,5.35,7.6,29.2,49.542,0.7
ZMB,Africa,Zambia,2020-06-11,1252,52,10,0,68.103,2.829,0.544,0.0,,,,,,,,,18383956.0,22.995,17.7,2.48,1.542,3689.251,57.5,234.499,3.94,3.1,24.7,13.938,2.0
ZWE,Africa,Zimbabwe,2020-06-11,320,6,4,0,21.53,0.404,0.269,0.0,,,,,,,,,14862927.0,42.729,19.6,2.822,1.882,1899.775,21.4,307.846,1.82,1.6,30.7,36.791,1.7
OWID_WRL,,World,2020-06-11,7343562,132786,416430,5235,942.111,17.035,53.424,0.672,,,,,,,,,7794798729.0,58.045,30.9,8.696,5.355,15469.207,10.0,233.07,8.51,6.434,34.635,60.13,2.705
